timestamp,decision,percentage,target_price,ml_prediction,rl_action,current_price,balance,btc_amount,params,regime,anomalies,dynamic_target,weighted_decision,ml_accuracy,ml_loss,success
2024-08-07 22:35:59.557662,hold,0.0,,,,81649000.0,566725.33594485,0.0,{},medium,False,,,,,
2024-08-07 22:46:06.911813,hold,0.0,,,,81299000.0,566725.33594485,0.0,{},medium,False,,,,,
2024-08-07 22:56:12.831574,hold,0.0,,,,80950000.0,566725.33594485,0.0,{},medium,False,,,,,
2024-08-07 23:06:18.988055,hold,0.0,,,,80747000.0,566725.33594485,0.0,{},medium,False,,,,,
2024-08-07 23:16:25.752695,hold,0.0,,,,80732000.0,566725.33594485,0.0,{},medium,False,,,,,
2024-08-07 23:26:34.421991,hold,0.0,,,,80063000.0,566725.33594485,0.0,{},medium,False,,,,,
2024-08-07 23:36:41.654572,hold,0.0,,,,79651000.0,566725.33594485,0.0,{},medium,False,,,,,
2024-08-07 23:46:48.130788,hold,0.0,,,,79859000.0,566725.33594485,0.0,{},medium,False,,,,,
2024-08-07 23:56:53.535728,hold,0.0,,,,80200000.0,566725.33594485,0.0,{},medium,False,,,,,
2024-08-08 14:37:30.229690,hold,0.0,0.0,,,80506000.0,566725.33594485,0.0,{},medium,False,,,,,
2024-08-08 14:47:35.258880,hold,0.0,0.0,,,80546000.0,566725.33594485,0.0,{},medium,False,,,,,
2024-08-08 14:48:25.489161,hold,0.0,0.0,,,80542000.0,566725.33594485,0.0,{},medium,False,,,,,
2024-08-08 14:51:46.082778,hold,0.0,0.0,,,80483000.0,566725.33594485,0.0,{},medium,False,,,,,
2024-08-08 14:52:52.476668,hold,0.0,0.0,,,80484000.0,566725.33594485,0.0,{},medium,False,,,,,
2024-08-08 14:55:42.562295,hold,0.0,0.0,,,80507000.0,566725.33594485,0.0,{},medium,False,,,,,
2024-08-08 14:56:45.563405,hold,0.0,0.0,,,80500000.0,566725.33594485,0.0,{},medium,False,,,,,
2024-08-08 15:06:49.525151,hold,0.0,0.0,,,80512000.0,566725.33594485,0.0,{},medium,False,,,,,
2024-08-08 15:16:53.523593,hold,0.0,0.0,,,80490000.0,566725.33594485,0.0,{},medium,False,,,,,
2024-08-08 15:26:58.987277,hold,0.0,0.0,,,80731000.0,566725.33594485,0.0,{},medium,False,,,,,
2024-08-08 15:37:03.480450,hold,0.0,0.0,,,80732000.0,566725.33594485,0.0,{},medium,False,,,,,
2024-08-08 15:40:03.933256,hold,0.0,0.0,,,80757000.0,566725.33594485,0.0,{},medium,False,,,,,
2024-08-08 15:50:07.643888,hold,0.0,0.0,,,80766000.0,566725.33594485,0.0,{},medium,False,,,,,
2024-08-08 16:13:38.972098,hold,0.0,0.0,,,80833000.0,566725.33594485,0.0,{},medium,False,,,,,
2024-08-08 16:17:40.490735,hold,0.0,0.0,,,81002000.0,566725.33594485,0.0,{},medium,False,,,,,
2024-08-08 16:30:05.932034,hold,0.0,0.0,,,81032000.0,566725.33594485,0.0,{},medium,False,,,,,
2024-08-08 16:40:10.049224,hold,0.0,0.0,,,80960000.0,566725.33594485,0.0,{},medium,False,,,,,
2024-08-08 16:50:13.990455,hold,0.0,0.0,,,80949000.0,566725.33594485,0.0,{},medium,False,,,,,
2024-08-08 17:00:19.077292,hold,0.0,0.0,,,80714000.0,566725.33594485,0.0,{},medium,False,,,,,
2024-08-08 17:10:22.625691,hold,0.0,0.0,,,80712000.0,566725.33594485,0.0,{},medium,False,,,,,
2024-08-08 17:20:27.057764,hold,0.0,0.0,,,80772000.0,566725.33594485,0.0,{},medium,False,,,,,
2024-08-08 17:28:25.813229,hold,0.0,76750500.0,,,80790000.0,566725.33594485,0.0,"{'RSI_SELL_THRESHOLD': 70, 'RSI_BUY_THRESHOLD': 30}",Sideways Market,False,0.05,0.65,60.0,0.4,
2024-08-08 17:38:29.962707,hold,0.0,76732450.0,,,80771000.0,566725.33594485,0.0,"{'RSI_SELL_THRESHOLD': 70, 'RSI_BUY_THRESHOLD': 30}",Sideways Market,False,0.05,0.4,60.0,0.4,
2024-08-08 17:43:35.000882,hold,0.0,76841700.0,,,80886000.0,566725.33594485,0.0,"{'RSI_SELL_THRESHOLD': 70, 'RSI_BUY_THRESHOLD': 30}",Unknown,False,0.05,0.4,66.66666666666666,0.3333333333333333,
2024-08-08 17:53:09.816651,hold,0.0,76717250.0,,,80755000.0,566725.33594485,0.0,"{'RSI_SELL_THRESHOLD': 70, 'RSI_BUY_THRESHOLD': 30}",Sideways Market,True,0.05,-0.15,60.86956521739131,0.391304347826087,
2024-08-08 18:03:17.856041,hold,0.0,76763800.0,,,80804000.0,566725.33594485,0.0,"{'RSI_SELL_THRESHOLD': 70, 'RSI_BUY_THRESHOLD': 30}",Sideways Market,True,0.05,0.15,60.86956521739131,0.391304347826087,
2024-08-08 18:15:57.075832,hold,0.0,,,,80593000.0,566725.33594485,0.0,"{'RSI_SELL_THRESHOLD': 70, 'RSI_BUY_THRESHOLD': 30}",Sideways Market,True,0.0,0.0,65.21739130434783,0.3478260869565217,
2024-08-08 18:21:10.786143,buy,0.0,80626000.0,,,80627000.0,566725.33594485,0.0,"{'RSI_SELL_THRESHOLD': 70, 'RSI_BUY_THRESHOLD': 30}",Sideways Market,True,0.0,0.0,65.21739130434783,0.3478260869565217,
2024-08-08 18:25:59.247050,buy,1.0,80571000.0,,,80571000.0,561055.94423564,7.033e-05,"{'RSI_SELL_THRESHOLD': 70, 'RSI_BUY_THRESHOLD': 30}",Sideways Market,True,0.0,0.0,65.21739130434783,0.3478260869565217,
2024-08-08 18:36:04.094356,hold,0.0,,,,80688000.0,561055.94423564,7.033e-05,"{'RSI_SELL_THRESHOLD': 70, 'RSI_BUY_THRESHOLD': 30}",Sideways Market,True,0.0,0.0,65.21739130434783,0.3478260869565217,
2024-08-08 18:46:08.329275,hold,0.0,,,,80733000.0,561055.94423564,7.033e-05,"{'RSI_SELL_THRESHOLD': 70, 'RSI_BUY_THRESHOLD': 30}",Sideways Market,True,0.0,0.0,65.21739130434783,0.3478260869565217,
2024-08-08 18:56:12.537770,sell,1.0,80956000.0,,,80956000.0,561055.94423564,3.3e-07,"{'RSI_SELL_THRESHOLD': 70, 'RSI_BUY_THRESHOLD': 30}",Sideways Market,True,0.0,0.0,60.86956521739131,0.391304347826087,
2024-08-08 19:06:17.535622,buy,1.0,80753000.0,,,80753000.0,555442.42043642,6.981e-05,"{'RSI_SELL_THRESHOLD': 70, 'RSI_BUY_THRESHOLD': 30}",Sideways Market,True,0.0,0.0,65.21739130434783,0.3478260869565217,
2024-08-08 19:16:22.031687,buy,1.0,80772000.0,,,80772000.0,549829.2616196,6.981e-05,"{'RSI_SELL_THRESHOLD': 70, 'RSI_BUY_THRESHOLD': 30}",Sideways Market,True,0.0,0.0,65.21739130434783,0.3478260869565217,
2024-08-08 19:26:26.355360,hold,0.0,,,,80960000.0,555493.3481596,6.981e-05,"{'RSI_SELL_THRESHOLD': 70, 'RSI_BUY_THRESHOLD': 30}",Sideways Market,True,0.0,0.0,69.56521739130434,0.3043478260869565,
2024-08-09 00:09:16.821075,buy,1.0,82835000.0,,,82835000.0,555493.3481596,0.00013927,"{'RSI_SELL_THRESHOLD': 70, 'RSI_BUY_THRESHOLD': 30}",Sideways Market,True,0.0,0.0,0.0,0.0,
2024-08-09 00:19:20.357083,sell,70.0,82634000.0,,,82634000.0,555493.3481596,0.00013927,"{'RSI_SELL_THRESHOLD': 70, 'RSI_BUY_THRESHOLD': 30}",Sideways Market,True,0.0,0.0,0.0,0.0,
2024-08-09 00:29:24.592947,sell,1.0,82844000.0,,,82844000.0,555493.3481596,0.00013927,"{'RSI_SELL_THRESHOLD': 70, 'RSI_BUY_THRESHOLD': 30}",Sideways Market,True,0.0,0.0,0.0,0.0,
2024-08-09 00:39:30.591679,buy,1.0,83230000.0,,,83230000.0,555493.3481596,0.00013927,"{'RSI_SELL_THRESHOLD': 70, 'RSI_BUY_THRESHOLD': 30}",Sideways Market,True,0.0,0.0,0.0,0.0,
2024-08-09 00:43:14.493742,buy,1.0,83245000.0,,,83245000.0,555493.3481596,0.00013927,"{'RSI_SELL_THRESHOLD': 70, 'RSI_BUY_THRESHOLD': 30}",Sideways Market,True,0.0,0.0,0.0,0.0,
2024-08-09 00:53:19.526131,hold,0.0,,,,83420000.0,555493.3481596,0.00013927,"{'RSI_SELL_THRESHOLD': 70, 'RSI_BUY_THRESHOLD': 30}",Sideways Market,True,0.0,0.0,0.0,0.0,
2024-08-09 01:02:07.306156,sell,75.0,83631000.0,,,83631000.0,555493.3481596,0.00013927,"{'RSI_SELL_THRESHOLD': 70, 'RSI_BUY_THRESHOLD': 30}",Sideways Market,True,0.0,0.0,0.0,0.0,
2024-08-09 01:02:27.736417,buy,50.0,83688000.0,,,83665000.0,555493.3481596,0.00013927,"{'RSI_SELL_THRESHOLD': 70, 'RSI_BUY_THRESHOLD': 30}",Sideways Market,True,0.0,0.0,0.0,0.0,
2024-08-09 01:04:42.604236,sell,80.0,83875000.0,,,83875000.0,555493.3481596,0.00013927,"{'RSI_SELL_THRESHOLD': 70, 'RSI_BUY_THRESHOLD': 30}",Sideways Market,True,0.0,0.0,0.0,0.0,
2024-08-09 02:15:35.401901,hold,0.0,,,,83559000.0,555493.3481596,0.00013927,"{'decision_threshold': 0.11000000000000001, 'position_size': 0.08000000000000002, 'stop_loss': 0.024, 'take_profit': 0.03}",Sideways Market,True,0.0,0.0,0.0,0.0,
2024-08-09 02:17:37.775884,hold,50.0,,,,83582000.0,555493.3481596,0.00013927,"{'decision_threshold': 0.11000000000000001, 'position_size': 0.08000000000000002, 'stop_loss': 0.024, 'take_profit': 0.03}",Sideways Market,True,0.0,0.0,0.0,0.0,
2024-08-09 02:20:25.979234,sell,0.0,,,,83584000.0,555493.3481596,0.00013927,"{'decision_threshold': 0.11000000000000001, 'position_size': 0.08000000000000002, 'stop_loss': 0.024, 'take_profit': 0.03}",Sideways Market,True,0.0,0.0,0.0,0.0,
2024-08-09 02:22:33.092853,hold,50.0,,,,83691000.0,555493.3481596,0.00013927,"{'decision_threshold': 0.11000000000000001, 'position_size': 0.08000000000000002, 'stop_loss': 0.024, 'take_profit': 0.03}",Sideways Market,True,0.0,0.0,0.0,0.0,
2024-08-09 02:32:37.469069,buy,75.0,86835000.0,,,83776000.0,555493.3481596,0.00013927,"{'decision_threshold': 0.12100000000000002, 'position_size': 0.07200000000000002, 'stop_loss': 0.026400000000000003, 'take_profit': 0.03}",Sideways Market,True,0.0,0.0,0.0,0.0,
2024-08-09 02:46:47.455797,hold,70.0,,,,83515000.0,555493.3481596,0.00013927,"{'risk_factor': 0.8, 'stop_loss_factor': 0.024, 'take_profit_factor': 0.024, 'trade_frequency': 0.9}",Sideways Market,True,0.0,0.0,0.4800469483568075,0.5199530516431925,
2024-08-09 02:48:04.988421,sell,75.0,,,,83587000.0,555493.3481596,0.00013927,"{'risk_factor': 0.8, 'stop_loss_factor': 0.024, 'take_profit_factor': 0.024, 'trade_frequency': 0.9}",Sideways Market,True,0.0,0.0,0.4800469483568075,0.5199530516431925,
2024-08-09 02:52:19.069943,hold,50.0,,,,83536000.0,555493.3481596,0.00013927,"{'risk_factor': 0.8, 'stop_loss_factor': 0.024, 'take_profit_factor': 0.03, 'trade_frequency': 0.9}",Sideways Market,True,0.0,0.0,0.5046948356807511,0.4953051643192488,
2024-08-09 02:54:44.049157,hold,75.0,,,,83606000.0,555493.3481596,6.964e-05,"{'risk_factor': 0.8, 'stop_loss_factor': 0.024, 'take_profit_factor': 0.03, 'trade_frequency': 0.9}",Sideways Market,True,0.0,0.0,0.5046948356807511,0.4953051643192488,
2024-08-09 03:04:54.701349,sell,50.0,,,,83513000.0,555493.3481596,6.964e-05,"{'risk_factor': 0.81, 'stop_loss_factor': 0.022000000000000002}",Sideways Market,True,0.0,0.0,0.4920634920634921,0.5079365079365079,
2024-08-09 03:15:03.559331,sell,50.0,,,,83384000.0,555493.3481596,6.964e-05,"{'risk_factor': 0.81, 'stop_loss_factor': 0.022000000000000002}",Sideways Market,True,0.0,0.0,0.4920634920634921,0.5079365079365079,
2024-08-09 03:21:37.203004,buy,0.0,,,,83567000.0,555493.3481596,6.964e-05,"{'risk_factor': 0.8, 'stop_loss_factor': 0.024, 'take_profit_factor': 0.03, 'trade_frequency': 0.9}",Sideways Market,True,0.0,0.0,0.5023474178403756,0.4976525821596244,
2024-08-09 03:23:31.595572,sell,0.0,,,,83559000.0,555493.3481596,6.964e-05,"{'risk_factor': 0.8, 'stop_loss_factor': 0.024, 'take_profit_factor': 0.03, 'trade_frequency': 0.9}",Sideways Market,True,0.0,0.0,0.5023474178403756,0.4976525821596244,
2024-08-09 03:24:18.242710,sell,0.0,,,,83700000.0,561311.99279189,6.964e-05,"{'risk_factor': 0.8, 'stop_loss_factor': 0.024, 'take_profit_factor': 0.024, 'trade_frequency': 0.9}",Sideways Market,True,0.0,0.0,0.4847417840375587,0.5152582159624413,
2024-08-09 03:24:48.074162,sell,0.0,,,,83698000.0,561311.99279189,6.964e-05,"{'risk_factor': 0.8, 'stop_loss_factor': 0.024, 'take_profit_factor': 0.024, 'trade_frequency': 0.9}",Sideways Market,True,0.0,0.0,0.4847417840375587,0.5152582159624413,
2024-08-09 03:36:03.892494,sell,0.0,,,,83795000.0,229077.93898199,0.00403184,"{'risk_factor': 0.9, 'stop_loss_factor': 0.022000000000000002}",Sideways Market,True,0.0,0.0,0.5421245421245421,0.4578754578754579,
2024-08-09 03:47:20.148110,hold,0.0,,,,83467000.0,71340.74688053,0.00591836,"{'risk_factor': 0.9, 'stop_loss_factor': 0.022000000000000002}",Sideways Market,True,0.0,0.0,0.5421245421245421,0.4578754578754579,
2024-08-09 03:57:28.428991,buy,0.0,,,,83434000.0,71340.74688053,0.00591836,"{'risk_factor': 0.9, 'stop_loss_factor': 0.022000000000000002}",Sideways Market,True,0.0,0.0,0.5421245421245421,0.4578754578754579,
2024-08-09 04:07:36.529929,hold,0.0,,,,83451000.0,71340.74688053,0.00591836,"{'risk_factor': 0.9, 'stop_loss_factor': 0.022000000000000002}",Sideways Market,True,0.0,0.0,0.5421245421245421,0.4578754578754579,
2024-08-09 04:17:44.947562,hold,0.0,,,,83827000.0,71340.74688053,0.00591836,"{'risk_factor': 0.9, 'stop_loss_factor': 0.022000000000000002}",Sideways Market,True,0.0,0.0,0.5421245421245421,0.4578754578754579,
2024-08-09 04:27:52.806661,buy,0.0,,,,84005000.0,71340.74688053,0.00591836,"{'risk_factor': 0.9, 'stop_loss_factor': 0.022000000000000002}",Sideways Market,True,0.0,0.0,0.5421245421245421,0.4578754578754579,
2024-08-09 04:40:10.367837,sell,0.0,,,,84000000.0,14654.12684509,0.00659345,"{'risk_factor': 0.9, 'stop_loss_factor': 0.022000000000000002}",Sideways Market,True,0.0,0.0,0.5421245421245421,0.4578754578754579,
2024-08-09 04:50:17.900105,sell,0.0,,,,83951000.0,14654.12684509,0.00659345,"{'risk_factor': 0.9, 'stop_loss_factor': 0.022000000000000002}",Sideways Market,True,0.0,0.0,0.5421245421245421,0.4578754578754579,
2024-08-09 05:01:32.074079,buy,75.0,85000000.0,,,83602000.0,6002.11556137,0.00669689,"{'risk_factor': 0.9, 'stop_loss_factor': 0.022000000000000002}",Sideways Market,True,0.0,0.0,0.5421245421245421,0.4578754578754579,
2024-08-09 05:11:39.832123,buy,70.0,85000000.0,,,83642000.0,6002.11556137,0.00669689,"{'risk_factor': 0.9, 'stop_loss_factor': 0.022000000000000002}",Sideways Market,True,0.0,0.0,0.5421245421245421,0.4578754578754579,
2024-08-09 05:21:47.149921,hold,0.0,,,,83858000.0,6002.11556137,0.00669689,"{'risk_factor': 0.9, 'stop_loss_factor': 0.022000000000000002}",Sideways Market,True,0.0,0.0,0.5421245421245421,0.4578754578754579,
2024-08-09 05:31:55.278722,hold,0.0,,,,83920000.0,6002.11556137,0.00669689,"{'risk_factor': 0.9, 'stop_loss_factor': 0.022000000000000002}",Sideways Market,True,0.0,0.0,0.5421245421245421,0.4578754578754579,
2024-08-09 05:42:03.624941,hold,0.0,,,,83885000.0,6002.11556137,0.00669689,"{'risk_factor': 0.9, 'stop_loss_factor': 0.022000000000000002}",Sideways Market,True,0.0,0.0,0.5421245421245421,0.4578754578754579,
2024-08-09 05:52:11.499314,buy,50.0,84500000.0,,,83734000.0,6002.11556137,0.00669689,"{'risk_factor': 0.9, 'stop_loss_factor': 0.022000000000000002}",Sideways Market,True,0.0,0.0,0.5421245421245421,0.4578754578754579,
2024-08-09 06:02:19.203482,hold,0.0,,,,83846000.0,6002.11556137,0.00669689,"{'risk_factor': 0.9, 'stop_loss_factor': 0.022000000000000002}",Sideways Market,True,0.0,0.0,0.5421245421245421,0.4578754578754579,
2024-08-09 06:13:38.892045,hold,0.0,,,,84071000.0,568667.91221622,0.0,"{'risk_factor': 0.9, 'stop_loss_factor': 0.022000000000000002}",Sideways Market,True,0.0,0.0,0.5421245421245421,0.4578754578754579,
2024-08-09 06:23:46.852131,sell,0.0,,,,83970000.0,568667.91221622,0.0,"{'risk_factor': 0.9, 'stop_loss_factor': 0.022000000000000002}",Sideways Market,True,0.0,0.0,0.5421245421245421,0.4578754578754579,
2024-08-09 06:35:01.057729,buy,0.0,,,,84168000.0,231919.62221622,0.004,"{'risk_factor': 0.9, 'stop_loss_factor': 0.022000000000000002}",Sideways Market,True,0.0,0.0,0.5421245421245421,0.4578754578754579,
2024-08-09 06:46:13.651116,sell,100.0,86000000.0,,,85286000.0,572149.42221622,0.0,"{'risk_factor': 0.9, 'stop_loss_factor': 0.022000000000000002}",Sideways Market,True,0.0,0.0,0.5421245421245421,0.4578754578754579,
2024-08-09 06:56:21.946099,sell,100.0,86000000.0,,,84902000.0,572149.42221622,0.0,"{'risk_factor': 0.9, 'stop_loss_factor': 0.022000000000000002}",Sideways Market,True,0.0,0.0,0.5421245421245421,0.4578754578754579,
2024-08-09 07:06:29.930712,sell,100.0,84000000.0,,,85420000.0,572149.42221622,0.0,"{'risk_factor': 0.9, 'stop_loss_factor': 0.022000000000000002}",Sideways Market,True,0.0,0.0,0.5421245421245421,0.4578754578754579,
2024-08-09 07:16:37.898806,buy,0.0,,,,85299000.0,572149.42221622,0.0,"{'risk_factor': 0.9, 'stop_loss_factor': 0.022000000000000002}",Sideways Market,True,0.0,0.0,0.5421245421245421,0.4578754578754579,
2024-08-09 07:26:46.820956,sell,100.0,86000000.0,,,85914000.0,572149.42221622,0.0,"{'risk_factor': 0.9, 'stop_loss_factor': 0.022000000000000002}",Sideways Market,True,0.0,0.0,0.5421245421245421,0.4578754578754579,
2024-08-09 07:36:55.172662,hold,0.0,,,,86022000.0,572149.42221622,0.0,"{'risk_factor': 0.9, 'stop_loss_factor': 0.022000000000000002}",Sideways Market,True,0.0,0.0,0.5421245421245421,0.4578754578754579,
2024-08-09 07:47:06.606800,hold,0.0,,,,86350000.0,572149.42221622,0.0,"{'risk_factor': 0.9, 'stop_loss_factor': 0.022000000000000002}",Sideways Market,True,0.0,0.0,0.5421245421245421,0.4578754578754579,
2024-08-09 07:57:04.439356,sell,100.0,88000000.0,,,87716000.0,572149.42221622,0.0,"{'risk_factor': 0.9, 'stop_loss_factor': 0.022000000000000002}",Sideways Market,True,0.0,0.0,0.5421245421245421,0.4578754578754579,
2024-08-09 08:07:12.073817,hold,0.0,,,,87593000.0,572149.42221622,0.0,"{'risk_factor': 0.9, 'stop_loss_factor': 0.022000000000000002}",Sideways Market,True,0.0,0.0,0.5421245421245421,0.4578754578754579,
2024-08-09 08:17:18.918586,hold,0.0,,,,87249000.0,572149.42221622,0.0,"{'risk_factor': 0.9, 'stop_loss_factor': 0.022000000000000002}",Sideways Market,True,0.0,0.0,0.5421245421245421,0.4578754578754579,
2024-08-09 08:27:25.955951,buy,0.0,,,,86746000.0,572149.42221622,0.0,"{'risk_factor': 0.9, 'stop_loss_factor': 0.022000000000000002}",Sideways Market,True,0.0,0.0,0.5421245421245421,0.4578754578754579,
2024-08-09 08:37:33.956073,sell,100.0,88500000.0,,,86377000.0,572149.42221622,0.0,"{'risk_factor': 0.9, 'stop_loss_factor': 0.022000000000000002}",Sideways Market,True,0.0,0.0,0.5421245421245421,0.4578754578754579,
2024-08-09 08:47:41.215438,buy,0.0,,,,86631000.0,572149.42221622,0.0,"{'risk_factor': 0.9, 'stop_loss_factor': 0.022000000000000002}",Sideways Market,True,0.0,0.0,0.5421245421245421,0.4578754578754579,
2024-08-09 08:57:48.976141,hold,0.0,,,,86394000.0,572149.42221622,0.0,"{'risk_factor': 0.9, 'stop_loss_factor': 0.022000000000000002}",Sideways Market,True,0.0,0.0,0.5421245421245421,0.4578754578754579,
2024-08-09 09:07:56.962697,hold,0.0,,,,86302000.0,572149.42221622,0.0,"{'risk_factor': 0.9, 'stop_loss_factor': 0.022000000000000002}",Sideways Market,True,0.0,0.0,0.5421245421245421,0.4578754578754579,
2024-08-09 09:18:03.948821,hold,0.0,,,,86077000.0,572149.42221622,0.0,"{'risk_factor': 0.9, 'stop_loss_factor': 0.022000000000000002}",Sideways Market,True,0.0,0.0,0.5421245421245421,0.4578754578754579,
2024-08-09 09:28:12.070386,hold,0.0,,,,86246000.0,572149.42221622,0.0,"{'risk_factor': 0.9, 'stop_loss_factor': 0.022000000000000002}",Sideways Market,True,0.0,0.0,0.5421245421245421,0.4578754578754579,
2024-08-09 09:38:19.929748,hold,0.0,,,,86526000.0,572149.42221622,0.0,"{'risk_factor': 0.9, 'stop_loss_factor': 0.022000000000000002}",Sideways Market,True,0.0,0.0,0.5421245421245421,0.4578754578754579,
2024-08-09 09:49:34.484636,sell,0.0,,,,86120000.0,288656.72464519,0.00328821,"{'risk_factor': 0.9, 'stop_loss_factor': 0.022000000000000002}",Sideways Market,True,0.0,0.0,0.5421245421245421,0.4578754578754579,
2024-08-09 09:59:42.375326,hold,0.0,,,,85880000.0,288656.72464519,0.00328821,"{'risk_factor': 0.9, 'stop_loss_factor': 0.022000000000000002}",Sideways Market,True,0.0,0.0,0.5421245421245421,0.4578754578754579,
2024-08-09 10:09:49.611411,buy,0.0,,,,85494000.0,288656.72464519,0.00328821,"{'risk_factor': 0.9, 'stop_loss_factor': 0.022000000000000002}",Sideways Market,True,0.0,0.0,0.5421245421245421,0.4578754578754579,
2024-08-09 10:19:57.722953,buy,0.0,,,,85772000.0,288656.72464519,0.00328821,"{'risk_factor': 0.9, 'stop_loss_factor': 0.022000000000000002}",Sideways Market,True,0.0,0.0,0.5421245421245421,0.4578754578754579,
2024-08-09 10:31:12.809214,hold,0.0,,,,85975000.0,88878.91458966,0.00561073,"{'risk_factor': 0.9, 'stop_loss_factor': 0.022000000000000002}",Sideways Market,True,0.0,0.0,0.5421245421245421,0.4578754578754579,
2024-08-09 10:41:21.870069,sell,0.0,,,,86429000.0,88878.91458966,0.00561073,"{'risk_factor': 0.9, 'stop_loss_factor': 0.022000000000000002}",Sideways Market,True,0.0,0.0,0.5421245421245421,0.4578754578754579,
2024-08-09 10:51:29.774704,buy,0.0,,,,86226000.0,88878.91458966,0.00561073,"{'risk_factor': 0.9, 'stop_loss_factor': 0.022000000000000002}",Sideways Market,True,0.0,0.0,0.5421245421245421,0.4578754578754579,
2024-08-09 11:02:44.538663,sell,0.0,,,,85972000.0,45832.35867796,0.00611004,"{'risk_factor': 0.9, 'stop_loss_factor': 0.022000000000000002}",Sideways Market,True,0.0,0.0,0.5421245421245421,0.4578754578754579,
2024-08-09 11:12:42.040393,sell,0.0,,,,86267000.0,45832.35867796,0.00611004,"{'risk_factor': 0.9, 'stop_loss_factor': 0.022000000000000002}",Sideways Market,True,0.0,0.0,0.5421245421245421,0.4578754578754579,
2024-08-09 11:22:49.678334,buy,0.0,,,,85987000.0,45832.35867796,0.00611004,"{'risk_factor': 0.9, 'stop_loss_factor': 0.022000000000000002}",Sideways Market,True,0.0,0.0,0.5421245421245421,0.4578754578754579,
2024-08-09 11:32:57.416316,sell,0.0,,,,85897000.0,45832.35867796,0.00611004,"{'risk_factor': 0.9, 'stop_loss_factor': 0.022000000000000002}",Sideways Market,True,0.0,0.0,0.5421245421245421,0.4578754578754579,
2024-08-09 11:43:03.873045,sell,0.0,,,,86000000.0,45832.35867796,0.00611004,"{'risk_factor': 0.9, 'stop_loss_factor': 0.022000000000000002}",Sideways Market,True,0.0,0.0,0.5421245421245421,0.4578754578754579,
2024-08-09 11:53:11.307373,sell,0.0,,,,86057000.0,45832.35867796,0.00611004,"{'risk_factor': 0.9, 'stop_loss_factor': 0.022000000000000002}",Sideways Market,True,0.0,0.0,0.5421245421245421,0.4578754578754579,
2024-08-09 12:03:17.991432,hold,0.0,,,,86116000.0,45832.35867796,0.00611004,"{'risk_factor': 0.9, 'stop_loss_factor': 0.022000000000000002}",Sideways Market,True,0.0,0.0,0.5421245421245421,0.4578754578754579,
2024-08-09 12:13:25.251186,hold,0.0,,,,86146000.0,45832.35867796,0.00611004,"{'risk_factor': 0.9, 'stop_loss_factor': 0.022000000000000002}",Sideways Market,True,0.0,0.0,0.5421245421245421,0.4578754578754579,
2024-08-09 12:25:43.723505,hold,0.0,,,,86318000.0,11732.72515185,0.00650441,"{'risk_factor': 0.9, 'stop_loss_factor': 0.022000000000000002}",Sideways Market,True,0.0,0.0,0.5421245421245421,0.4578754578754579,
2024-08-09 12:29:06.877152,sell,0.0,,,,86265000.0,4936.8227988,0.00658315,"{'risk_factor': 0.8, 'stop_loss_factor': 0.024, 'take_profit_factor': 0.03, 'trade_frequency': 0.9}",Sideways Market,True,0.0,0.0,0.5258215962441315,0.4741784037558685,
2024-08-09 12:30:41.034143,hold,0.0,,,,86265000.0,4936.8227988,0.00658315,"{'risk_factor': 0.8, 'stop_loss_factor': 0.024, 'take_profit_factor': 0.03, 'trade_frequency': 0.9}",Sideways Market,True,0.0,0.0,0.5258215962441315,0.4741784037558685,
2024-08-09 12:40:50.077950,hold,0.0,,,,86072000.0,4936.8227988,0.00658315,"{'risk_factor': 0.81, 'stop_loss_factor': 0.022000000000000002}",Sideways Market,True,0.0,0.0,0.4835164835164835,0.5164835164835164,
2024-08-09 12:50:57.222750,hold,0.0,,,,86039000.0,4936.8227988,0.00658315,"{'risk_factor': 0.81, 'stop_loss_factor': 0.022000000000000002}",Sideways Market,True,0.0,0.0,0.4835164835164835,0.5164835164835164,
2024-08-09 13:01:03.965372,hold,0.0,,,,86150000.0,4936.8227988,0.00658315,"{'risk_factor': 0.81, 'stop_loss_factor': 0.022000000000000002}",Sideways Market,True,0.0,0.0,0.4835164835164835,0.5164835164835164,
2024-08-09 13:11:04.672141,hold,0.0,,,,86148000.0,4936.8227988,0.00658315,"{'risk_factor': 0.81, 'stop_loss_factor': 0.022000000000000002}",Sideways Market,True,0.0,0.0,0.4835164835164835,0.5164835164835164,
2024-08-09 13:23:19.784402,hold,0.0,,,,85922000.0,4936.8227988,0.00658315,"{'risk_factor': 0.81, 'stop_loss_factor': 0.022000000000000002}",Sideways Market,True,0.0,0.0,0.4835164835164835,0.5164835164835164,
2024-08-09 13:33:27.160059,hold,0.0,,,,85666000.0,4936.8227988,0.00658315,"{'risk_factor': 0.81, 'stop_loss_factor': 0.022000000000000002}",Sideways Market,True,0.0,0.0,0.4835164835164835,0.5164835164835164,
2024-08-09 13:47:52.280118,hold,0.0,,,,85250000.0,4936.8227988,0.00658315,"{'risk_factor': 0.81, 'stop_loss_factor': 0.022000000000000002}",Sideways Market,True,0.0,0.0,0.4835164835164835,0.5164835164835164,
2024-08-09 13:57:58.927946,hold,0.0,,,,85031000.0,4936.8227988,0.00658315,"{'risk_factor': 0.81, 'stop_loss_factor': 0.022000000000000002}",Sideways Market,True,0.0,0.0,0.4835164835164835,0.5164835164835164,
2024-08-09 14:08:05.571483,hold,0.0,,,,84984000.0,4936.8227988,0.00658315,"{'risk_factor': 0.81, 'stop_loss_factor': 0.022000000000000002}",Sideways Market,True,0.0,0.0,0.4835164835164835,0.5164835164835164,
2024-08-09 14:18:12.361566,hold,0.0,,,,85310000.0,4936.8227988,0.00658315,"{'risk_factor': 0.81, 'stop_loss_factor': 0.022000000000000002}",Sideways Market,True,0.0,0.0,0.4835164835164835,0.5164835164835164,
2024-08-09 14:30:27.514454,hold,0.0,,,,85158000.0,4936.8227988,0.00658315,"{'risk_factor': 0.81, 'stop_loss_factor': 0.022000000000000002}",Sideways Market,True,0.0,0.0,0.4835164835164835,0.5164835164835164,
2024-08-09 14:42:44.228734,hold,0.0,,,,85352000.0,4936.8227988,0.00658315,"{'risk_factor': 0.81, 'stop_loss_factor': 0.022000000000000002}",Sideways Market,True,0.0,0.0,0.4835164835164835,0.5164835164835164,
2024-08-09 14:57:09.092606,hold,0.0,,,,85294000.0,4936.8227988,0.00658315,"{'risk_factor': 0.81, 'stop_loss_factor': 0.022000000000000002}",Sideways Market,True,0.0,0.0,0.4835164835164835,0.5164835164835164,
2024-08-09 15:07:16.385067,hold,0.0,,,,85392000.0,4936.8227988,0.00658315,"{'risk_factor': 0.81, 'stop_loss_factor': 0.022000000000000002}",Sideways Market,True,0.0,0.0,0.4835164835164835,0.5164835164835164,
2024-08-09 15:17:23.979146,hold,0.0,,,,85340000.0,4936.8227988,0.00658315,"{'risk_factor': 0.81, 'stop_loss_factor': 0.022000000000000002}",Sideways Market,True,0.0,0.0,0.4835164835164835,0.5164835164835164,
2024-08-09 15:27:35.240465,hold,0.0,,,,85175000.0,4936.8227988,0.00658315,"{'risk_factor': 0.81, 'stop_loss_factor': 0.022000000000000002}",Sideways Market,True,0.0,0.0,0.4835164835164835,0.5164835164835164,
2024-08-09 15:40:49.925272,hold,0.0,,,,85452000.0,4936.8227988,0.00658315,"{'risk_factor': 0.81, 'stop_loss_factor': 0.022000000000000002}",Sideways Market,True,0.0,0.0,0.4835164835164835,0.5164835164835164,
2024-08-09 15:50:56.875276,hold,0.0,,,,85328000.0,4936.8227988,0.00658315,"{'risk_factor': 0.81, 'stop_loss_factor': 0.022000000000000002}",Sideways Market,True,0.0,0.0,0.4835164835164835,0.5164835164835164,
2024-08-09 16:03:12.663171,hold,0.0,,,,85369000.0,4936.8227988,0.00658315,"{'risk_factor': 0.81, 'stop_loss_factor': 0.022000000000000002}",Sideways Market,True,0.0,0.0,0.4835164835164835,0.5164835164835164,
2024-08-09 16:14:25.553165,hold,0.0,,,,85577000.0,4936.8227988,0.00658315,"{'risk_factor': 0.81, 'stop_loss_factor': 0.022000000000000002}",Sideways Market,True,0.0,0.0,0.4835164835164835,0.5164835164835164,
2024-08-09 16:26:43.056036,buy,0.0,,,,85591000.0,4936.8227988,0.00658315,"{'risk_factor': 0.8, 'stop_loss_factor': 0.024, 'take_profit_factor': 0.03, 'trade_frequency': 0.9}",Sideways Market,True,0.0,0.0,0.5093896713615024,0.4906103286384976,
2024-08-09 16:32:44.394529,hold,0.0,,,,85672000.0,4936.8227988,0.00658315,"{'risk_factor': 0.8, 'stop_loss_factor': 0.024, 'take_profit_factor': 0.03, 'trade_frequency': 0.9}",Sideways Market,True,0.0,0.0,0.5199530516431925,0.4800469483568075,
2024-08-09 16:33:19.760623,hold,0.0,,,,85601000.0,4936.8227988,0.00658315,"{'risk_factor': 0.8, 'stop_loss_factor': 0.024, 'take_profit_factor': 0.03, 'trade_frequency': 0.9}",Sideways Market,True,0.0,0.0,0.5199530516431925,0.4800469483568075,
2024-08-09 16:42:39.425419,hold,0.0,,,,85423000.0,4936.8227988,0.00658315,"{'risk_factor': 0.8, 'stop_loss_factor': 0.024, 'take_profit_factor': 0.024, 'trade_frequency': 0.9}",Sideways Market,True,0.0,0.0,0.494131455399061,0.505868544600939,
2024-08-09 16:52:38.202611,hold,0.0,,,,85319000.0,4936.8227988,0.00658315,"{'risk_factor': 0.9, 'stop_loss_factor': 0.022000000000000002}",Sideways Market,True,0.0,0.0,0.514041514041514,0.485958485958486,
2024-08-09 17:02:46.440419,buy,0.0,,,,85210000.0,4936.8227988,0.00658315,"{'risk_factor': 0.9, 'stop_loss_factor': 0.022000000000000002}",Sideways Market,True,0.0,0.0,0.514041514041514,0.485958485958486,
2024-08-09 17:12:54.277875,hold,0.0,,,,85027000.0,4936.8227988,0.00658315,"{'risk_factor': 0.9, 'stop_loss_factor': 0.022000000000000002}",Sideways Market,True,0.0,0.0,0.514041514041514,0.485958485958486,
2024-08-09 17:27:46.987122,hold,0.0,,,,85357000.0,4936.8227988,0.00658315,"{'risk_factor': 0.8, 'stop_loss_factor': 0.024, 'take_profit_factor': 0.024, 'trade_frequency': 0.9}",Sideways Market,True,0.0,0.0,0.4835680751173709,0.516431924882629,
2024-08-09 17:31:44.718446,buy,0.0,,,,85500000.0,4936.8227988,0.00658315,"{'risk_factor': 0.8, 'stop_loss_factor': 0.024, 'take_profit_factor': 0.024, 'trade_frequency': 0.9}",Sideways Market,True,0.0,0.0,0.4870892018779342,0.5129107981220657,
2024-08-09 17:41:55.307632,buy,0.0,,,,85504000.0,4936.8227988,0.00658315,"{'risk_factor': 0.9, 'stop_loss_factor': 0.022000000000000002}",Sideways Market,True,0.0,0.0,0.536019536019536,0.463980463980464,
2024-08-09 17:52:03.046365,sell,0.0,,,,85550000.0,4936.8227988,0.00658315,"{'risk_factor': 0.9, 'stop_loss_factor': 0.022000000000000002}",Sideways Market,True,0.0,0.0,0.536019536019536,0.463980463980464,
2024-08-09 18:20:46.108498,buy,0.0,,,,85441000.0,4936.8227988,0.00658315,"{'risk_factor': 0.8, 'stop_loss_factor': 0.024, 'take_profit_factor': 0.024, 'trade_frequency': 0.9}",Sideways Market,True,0.0,0.0,0.4828030684104628,0.5171969315895373,
2024-08-09 18:25:53.738115,hold,0.0,,,,85449000.0,4936.8227988,0.00658315,"{'risk_factor': 0.9, 'stop_loss_factor': 0.022000000000000002}",Sideways Market,True,0.0,0.0,0.5036759015632255,0.4963240984367745,
2024-08-09 18:32:07.602980,hold,0.0,,,,85441000.0,566744.02129749,1e-08,"{'risk_factor': 0.9, 'stop_loss_factor': 0.022000000000000002}",Sideways Market,True,0.0,0.0,0.5036759015632255,0.4963240984367745,
2024-08-09 18:37:18.848410,sell,0.0,,,,85282000.0,566744.02129749,1e-08,"{'risk_factor': 0.9, 'stop_loss_factor': 0.022000000000000002}",Sideways Market,True,0.0,0.0,0.5036759015632255,0.4963240984367745,
2024-08-09 18:42:16.763217,hold,0.0,,,,85167000.0,566744.02129749,1e-08,"{'risk_factor': 0.9, 'stop_loss_factor': 0.022000000000000002}",Sideways Market,True,0.0,0.0,0.5036759015632255,0.4963240984367745,
2024-08-09 18:47:24.896838,sell,0.0,,,,85438000.0,566744.02129749,1e-08,"{'risk_factor': 0.9, 'stop_loss_factor': 0.022000000000000002}",Sideways Market,True,0.0,0.0,0.5036759015632255,0.4963240984367745,
2024-08-09 18:52:33.538313,hold,0.0,,,,85425000.0,566744.02129749,1e-08,"{'risk_factor': 0.9, 'stop_loss_factor': 0.022000000000000002}",Sideways Market,True,0.0,0.0,0.5036759015632255,0.4963240984367745,
2024-08-09 18:57:41.331989,hold,0.0,,,,85375000.0,566744.02129749,1e-08,"{'risk_factor': 0.9, 'stop_loss_factor': 0.022000000000000002}",Sideways Market,True,0.0,0.0,0.5036759015632255,0.4963240984367745,
2024-08-09 19:02:49.253489,hold,0.0,,,,85199000.0,566744.02129749,1e-08,"{'risk_factor': 0.9, 'stop_loss_factor': 0.022000000000000002}",Sideways Market,True,0.0,0.0,0.5036759015632255,0.4963240984367745,
2024-08-09 19:07:57.994653,buy,0.0,,,,85288000.0,566744.02129749,1e-08,"{'risk_factor': 0.9, 'stop_loss_factor': 0.022000000000000002}",Sideways Market,True,0.0,0.0,0.5036759015632255,0.4963240984367745,
2024-08-09 19:13:05.849549,buy,0.0,,,,85270000.0,566744.02129749,1e-08,"{'risk_factor': 0.9, 'stop_loss_factor': 0.022000000000000002}",Sideways Market,True,0.0,0.0,0.5036759015632255,0.4963240984367745,
2024-08-09 19:18:13.189630,sell,0.0,,,,85396000.0,566744.02129749,1e-08,"{'risk_factor': 0.9, 'stop_loss_factor': 0.022000000000000002}",Sideways Market,True,0.0,0.0,0.5036759015632255,0.4963240984367745,
2024-08-09 19:23:20.784547,hold,0.0,,,,84656000.0,566744.02129749,1e-08,"{'risk_factor': 0.9, 'stop_loss_factor': 0.022000000000000002}",Sideways Market,True,0.0,0.0,0.5036759015632255,0.4963240984367745,
2024-08-09 19:28:29.767838,buy,0.0,,,,84951000.0,566744.02129749,1e-08,"{'risk_factor': 0.9, 'stop_loss_factor': 0.022000000000000002}",Sideways Market,True,0.0,0.0,0.5036759015632255,0.4963240984367745,
2024-08-09 19:33:37.725397,buy,0.0,,,,85203000.0,566744.02129749,1e-08,"{'risk_factor': 0.9, 'stop_loss_factor': 0.022000000000000002}",Sideways Market,True,0.0,0.0,0.5036759015632255,0.4963240984367745,
2024-08-09 19:38:46.278970,buy,0.0,,,,85028000.0,566744.02129749,1e-08,"{'risk_factor': 0.9, 'stop_loss_factor': 0.022000000000000002}",Sideways Market,True,0.0,0.0,0.5036759015632255,0.4963240984367745,
2024-08-09 19:43:54.270390,hold,0.0,,,,84630000.0,566744.02129749,1e-08,"{'risk_factor': 0.9, 'stop_loss_factor': 0.022000000000000002}",Sideways Market,True,0.0,0.0,0.5036759015632255,0.4963240984367745,
2024-08-09 19:49:01.829165,hold,0.0,,,,84941000.0,566744.02129749,1e-08,"{'risk_factor': 0.9, 'stop_loss_factor': 0.022000000000000002}",Sideways Market,True,0.0,0.0,0.5036759015632255,0.4963240984367745,
2024-08-09 19:54:09.273200,hold,0.0,,,,84960000.0,566744.02129749,1e-08,"{'risk_factor': 0.9, 'stop_loss_factor': 0.022000000000000002}",Sideways Market,True,0.0,0.0,0.5036759015632255,0.4963240984367745,
2024-08-09 19:59:18.222267,hold,0.0,,,,84964000.0,566744.02129749,1e-08,"{'risk_factor': 0.9, 'stop_loss_factor': 0.022000000000000002}",Sideways Market,True,0.0,0.0,0.5036759015632255,0.4963240984367745,
2024-08-09 20:04:25.434982,buy,0.0,,,,85167000.0,566744.02129749,1e-08,"{'risk_factor': 0.9, 'stop_loss_factor': 0.022000000000000002}",Sideways Market,True,0.0,0.0,0.5036759015632255,0.4963240984367745,
2024-08-09 20:09:33.395482,buy,0.0,,,,85102000.0,566744.02129749,1e-08,"{'risk_factor': 0.9, 'stop_loss_factor': 0.022000000000000002}",Sideways Market,True,0.0,0.0,0.5036759015632255,0.4963240984367745,
2024-08-09 20:14:40.999431,sell,0.0,,,,85007000.0,566744.02129749,1e-08,"{'risk_factor': 0.9, 'stop_loss_factor': 0.022000000000000002}",Sideways Market,True,0.0,0.0,0.5036759015632255,0.4963240984367745,
2024-08-09 20:19:48.242609,buy,0.0,,,,85050000.0,566744.02129749,1e-08,"{'risk_factor': 0.9, 'stop_loss_factor': 0.022000000000000002}",Sideways Market,True,0.0,0.0,0.5036759015632255,0.4963240984367745,
2024-08-09 20:24:57.744230,buy,0.0,,,,85256000.0,566744.02129749,1e-08,"{'risk_factor': 0.9, 'stop_loss_factor': 0.022000000000000002}",Sideways Market,True,0.0,0.0,0.5036759015632255,0.4963240984367745,
2024-08-09 20:33:20.486941,hold,0.0,,,,84925000.0,566460.18061773,0.0,"{'risk_factor': 0.9, 'stop_loss_factor': 0.022000000000000002}",Sideways Market,True,0.0,0.0,0.5036759015632255,0.4963240984367745,
2024-08-09 20:46:24.943932,sell,0.0,,,,85106000.0,566460.18061773,0.0,"{'risk_factor': 0.8, 'stop_loss_factor': 0.024, 'take_profit_factor': 0.024, 'trade_frequency': 0.9}",Sideways Market,True,0.0,0.0,0.4800993460764587,0.5199006539235412,
2024-08-09 20:51:33.994313,sell,0.0,,,,85191000.0,566460.18061773,0.0,"{'risk_factor': 0.9, 'stop_loss_factor': 0.022000000000000002}",Sideways Market,True,0.0,0.0,0.5022184388381572,0.4977815611618428,
2024-08-09 20:56:42.065875,buy,0.0,,,,85098000.0,566460.18061773,0.0,"{'risk_factor': 0.9, 'stop_loss_factor': 0.022000000000000002}",Sideways Market,True,0.0,0.0,0.5022184388381572,0.4977815611618428,
2024-08-09 21:01:50.798211,hold,0.0,,,,85075000.0,566460.18061773,0.0,"{'risk_factor': 0.9, 'stop_loss_factor': 0.022000000000000002}",Sideways Market,True,0.0,0.0,0.5022184388381572,0.4977815611618428,
2024-08-09 21:06:58.124120,hold,0.0,,,,85103000.0,566460.18061773,0.0,"{'risk_factor': 0.9, 'stop_loss_factor': 0.022000000000000002}",Sideways Market,True,0.0,0.0,0.5022184388381572,0.4977815611618428,
2024-08-10 19:01:08.657627,hold,0.0,,,,85594000.0,566460.18061773,0.0,"{'risk_factor': 0.8, 'stop_loss_factor': 0.024, 'take_profit_factor': 0.03, 'trade_frequency': 0.9}",Sideways Market,True,0.0,0.0,0.5082840794768612,0.4917159205231388,
2024-08-10 19:15:45.103121,sell,0.0,,,,85712000.0,566460.18061773,0.0,"{'risk_factor': 0.8, 'stop_loss_factor': 0.024, 'take_profit_factor': 0.03, 'trade_frequency': 0.9}",Sideways Market,True,0.0,0.0,0.5052188128772636,0.4947811871227364,
2024-08-10 19:20:50.164565,hold,0.0,,,,85587000.0,566460.18061773,0.0,"{'risk_factor': 0.9, 'stop_loss_factor': 0.022000000000000002}",Sideways Market,True,0.0,0.0,0.5109503172883455,0.4890496827116545,
2024-08-10 19:25:55.947395,buy,0.0,,,,85410000.0,566460.18061773,0.0,"{'risk_factor': 0.9, 'stop_loss_factor': 0.022000000000000002}",Sideways Market,True,0.0,0.0,0.5109503172883455,0.4890496827116545,
2024-08-10 19:30:57.679007,hold,0.0,,,,85504000.0,566460.18061773,0.0,"{'risk_factor': 0.9, 'stop_loss_factor': 0.022000000000000002}",Sideways Market,True,0.0,0.0,0.5109503172883455,0.4890496827116545,
2024-08-10 19:35:57.695013,buy,0.0,,,,85538000.0,566460.18061773,0.0,"{'risk_factor': 0.9, 'stop_loss_factor': 0.022000000000000002}",Sideways Market,True,0.0,0.0,0.5109503172883455,0.4890496827116545,
2024-08-10 19:41:09.607852,buy,0.0,,,,85529000.0,566460.18061773,0.0,"{'risk_factor': 0.9, 'stop_loss_factor': 0.022000000000000002}",Sideways Market,True,0.0,0.0,0.5109503172883455,0.4890496827116545,
2024-08-10 19:46:15.953775,sell,0.0,,,,85610000.0,566460.18061773,0.0,"{'risk_factor': 0.9, 'stop_loss_factor': 0.022000000000000002}",Sideways Market,True,0.0,0.0,0.5109503172883455,0.4890496827116545,
2024-08-10 20:16:48.242622,hold,0.0,,,,85529000.0,566460.18061773,0.0,{},bull,[],0.0,0.0,0.4964028776978417,0.5035971223021583,
2024-08-10 20:20:50.077834,sell,0.0,,,,85602000.0,566460.18061773,0.0,{},bull,[],0.0,0.0,0.5215827338129496,0.4784172661870504,
2024-08-10 20:24:13.779577,hold,0.0,,,,85620000.0,566460.18061773,0.0,{},bull,[],0.0,0.0,0.5215827338129496,0.4784172661870504,
2024-08-10 21:02:24.751785,hold,0.0,,,,85637000.0,566460.18061773,0.0,{},bull,[],0.0,0.0,0.5126353790613718,0.4873646209386282,
2024-08-10 21:04:20.677595,buy,0.0,,,,85602000.0,566460.18061773,0.0,{},bull,[],0.0,0.0,0.5126353790613718,0.4873646209386282,
2024-08-10 21:13:43.587577,hold,0.0,,,,85567000.0,566460.18061773,0.0,{},bull,[],0.0,0.0,0.4892086330935252,0.5107913669064748,
2024-08-10 21:18:24.272392,hold,0.0,,,,85503000.0,566460.18061773,0.0,{},bull,[],0.0,0.0,0.5110294117647058,0.4889705882352941,
2024-08-10 21:23:28.314817,sell,0.0,,,,85522000.0,566460.18061773,0.0,{},bull,[],0.0,0.0,0.5110294117647058,0.4889705882352941,
2024-08-10 21:28:35.639249,sell,0.0,,,,85483000.0,566460.18061773,0.0,{},bull,[],0.0,0.0,0.5110294117647058,0.4889705882352941,
2024-08-10 21:30:31.508335,hold,0.0,,,,85526000.0,566460.18061773,0.0,{},bull,[],0.0,0.0,0.5441176470588235,0.4558823529411765,
2024-08-10 21:32:31.862678,hold,0.0,,,,85559000.0,566460.18061773,0.0,{},bull,[],0.0,0.0,0.5441176470588235,0.4558823529411765,
2024-08-10 21:33:43.488656,buy,0.0,,,,85498000.0,566460.18061773,0.0,{},bull,[],0.0,0.0,0.5441176470588235,0.4558823529411765,
2024-08-10 23:31:02.560979,sell,100.0,84000000.0,,,85292000.0,566460.18061773,0.0,{},bull,[],0.0,0.0,0.0,0.0,
2024-08-10 23:34:23.165836,sell,0.0,,,,85297000.0,566460.18061773,0.0,{},bull,[],0.0,0.0,0.4892857142857142,0.5107142857142857,
2024-08-11 00:16:01.531625,sell,0.0,,,,85444000.0,566460.18061773,0.0,{},bull,[],0.0,0.0,0.4697508896797153,0.5302491103202847,
2024-08-11 00:21:03.145875,buy,0.0,,,,85294000.0,566460.18061773,0.0,{},bull,[],0.0,0.0,0.4697508896797153,0.5302491103202847,
2024-08-11 00:26:04.340026,hold,0.0,,,,85311000.0,566460.18061773,0.0,{},bull,[],0.0,0.0,0.4697508896797153,0.5302491103202847,
2024-08-11 00:33:28.950076,sell,0.0,,,,85351000.0,566460.18061773,0.0,{},bull,[],0.0,0.0,0.4716312056737589,0.5283687943262412,
2024-08-11 00:38:38.818353,sell,0.0,,,,85370000.0,566460.18061773,0.0,{},bull,[],0.0,0.0,0.4716312056737589,0.5283687943262412,
2024-08-11 00:43:47.142042,buy,0.0,,,,85313000.0,566460.18061773,0.0,{},bull,[],0.0,0.0,0.4716312056737589,0.5283687943262412,
2024-08-11 00:46:34.179886,sell,0.0,,,,85190000.0,566460.18061773,0.0,{},bull,[],0.0,0.0,0.5070921985815603,0.4929078014184397,
2024-08-11 00:51:40.534979,sell,0.0,,,,85178000.0,566460.18061773,0.0,{},bull,[],0.0,0.0,0.5070921985815603,0.4929078014184397,
2024-08-11 00:56:35.408240,hold,0.0,,,,85198000.0,566460.18061773,0.0,{},bull,[],0.0,0.0,0.4858156028368794,0.5141843971631206,
2024-08-11 01:01:41.185206,hold,0.0,,,,85102000.0,566460.18061773,0.0,{},bull,[],0.0,0.0,0.4858156028368794,0.5141843971631206,
2024-08-11 01:06:46.499218,buy,0.0,,,,85063000.0,566460.18061773,0.0,{},bull,[],0.0,0.0,0.4858156028368794,0.5141843971631206,
2024-08-11 01:17:25.611913,buy,0.0,,,,85241000.0,566460.18061773,0.0,{},bull,[],0.0,0.0,0.524822695035461,0.475177304964539,
2024-08-11 01:22:29.795905,sell,0.0,,,,85271000.0,566460.18061773,0.0,{},bull,[],0.0,0.0,0.524822695035461,0.475177304964539,
2024-08-11 01:27:33.527118,sell,0.0,,,,85366000.0,566460.18061773,0.0,{},bull,[],0.0,0.0,0.508833922261484,0.4911660777385159,
2024-08-11 01:32:37.304763,sell,0.0,,,,85346000.0,566460.18061773,0.0,{},bull,[],0.0,0.0,0.508833922261484,0.4911660777385159,
2024-08-11 01:35:47.826762,hold,0.0,,,,85365000.0,566460.18061773,0.0,{},bull,[],0.0,0.0,0.4911660777385159,0.5088339222614842,
2024-08-11 01:40:51.488450,hold,0.0,,,,85302000.0,566460.18061773,0.0,{},bull,[],0.0,0.0,0.4911660777385159,0.5088339222614842,
2024-08-11 01:45:55.101251,hold,0.0,,,,85338000.0,566460.18061773,0.0,{},bull,[],0.0,0.0,0.4911660777385159,0.5088339222614842,
2024-08-11 01:50:58.451052,buy,0.0,,,,85300000.0,566460.18061773,0.0,{},bull,[],0.0,0.0,0.4911660777385159,0.5088339222614842,
2024-08-11 01:56:03.231576,buy,0.0,,,,85365000.0,566460.18061773,0.0,{},bull,[],0.0,0.0,0.4911660777385159,0.5088339222614842,
2024-08-11 02:01:06.784577,buy,0.0,,,,85339000.0,566460.18061773,0.0,{},bull,[],0.0,0.0,0.4911660777385159,0.5088339222614842,
2024-08-11 02:06:10.162947,buy,0.0,,,,85200000.0,566460.18061773,0.0,{},bull,[],0.0,0.0,0.4911660777385159,0.5088339222614842,
2024-08-11 02:11:13.662118,hold,0.0,,,,85328000.0,566460.18061773,0.0,{},bull,[],0.0,0.0,0.4911660777385159,0.5088339222614842,
2024-08-11 02:16:17.169991,buy,0.0,,,,85245000.0,566460.18061773,0.0,{},bull,[],0.0,0.0,0.4911660777385159,0.5088339222614842,
2024-08-11 02:21:20.833176,sell,0.0,,,,85367000.0,566460.18061773,0.0,{},bull,[],0.0,0.0,0.4911660777385159,0.5088339222614842,
2024-08-11 02:26:24.040062,sell,0.0,,,,85302000.0,566460.18061773,0.0,{},bull,[],0.0,0.0,0.4911660777385159,0.5088339222614842,
2024-08-11 02:31:28.438891,hold,0.0,,,,85289000.0,566460.18061773,0.0,{},bull,[],0.0,0.0,0.4911660777385159,0.5088339222614842,
2024-08-11 02:36:32.031820,buy,0.0,,,,85277000.0,566460.18061773,0.0,{},bull,[],0.0,0.0,0.4911660777385159,0.5088339222614842,
2024-08-11 02:41:36.682093,buy,0.0,,,,85341000.0,566460.18061773,0.0,{},bull,[],0.0,0.0,0.4911660777385159,0.5088339222614842,
2024-08-11 02:43:12.558812,buy,0.0,,,,85277000.0,566460.18061773,0.0,{},bull,[],0.0,0.0,0.5035211267605634,0.4964788732394366,
2024-08-11 02:48:17.899444,hold,0.0,,,,85303000.0,566460.18061773,0.0,{},bull,[],0.0,0.0,0.5035211267605634,0.4964788732394366,
2024-08-11 02:53:22.013799,buy,0.0,,,,85388000.0,566460.18061773,0.0,{},bull,[],0.0,0.0,0.5035211267605634,0.4964788732394366,
2024-08-11 02:58:25.410415,buy,0.0,,,,85387000.0,566460.18061773,0.0,{},bull,[],0.0,0.0,0.5035211267605634,0.4964788732394366,
2024-08-11 03:03:28.670145,hold,0.0,,,,85370000.0,566460.18061773,0.0,{},bull,[],0.0,0.0,0.5035211267605634,0.4964788732394366,
2024-08-11 04:09:07.593686,sell,0.0,,,,85680000.0,566460.18061773,0.0,"{'risk_factor': 1.0, 'stop_loss_factor': 0.02, 'take_profit_factor': 0.03, 'trade_frequency': 1.0}",Sideways Market,True,0.0,0.0,0.5384615384615384,0.4615384615384615,
2024-08-11 04:10:30.691993,hold,0.0,,,,85573000.0,566460.18061773,0.0,"{'risk_factor': 1.0, 'stop_loss_factor': 0.02, 'take_profit_factor': 0.03, 'trade_frequency': 1.0}",Sideways Market,True,0.0,0.0,0.5,0.5,
2024-08-11 04:11:20.051133,buy,0.0,,,,85573000.0,566460.18061773,0.0,"{'risk_factor': 1.0, 'stop_loss_factor': 0.02, 'take_profit_factor': 0.03, 'trade_frequency': 1.0}",Sideways Market,True,0.0,0.0,0.5,0.5,
2024-08-11 04:15:33.058479,sell,0.0,,,,85577000.0,566460.18061773,0.0,"{'risk_factor': 1.0, 'stop_loss_factor': 0.02, 'take_profit_factor': 0.03, 'trade_frequency': 1.0}",Sideways Market,True,0.0,0.0,0.5,0.5,
2024-08-11 04:19:22.573207,sell,0.0,,,,85810000.0,566460.18061773,0.0,"{'risk_factor': 1.0, 'stop_loss_factor': 0.02, 'take_profit_factor': 0.03, 'trade_frequency': 1.0}",Sideways Market,True,0.0,0.0,0.5,0.5,
2024-08-11 04:21:58.930252,sell,0.0,,,,85833000.0,566460.18061773,0.0,"{'risk_factor': 1.0, 'stop_loss_factor': 0.02, 'take_profit_factor': 0.024, 'trade_frequency': 1.0}",Sideways Market,True,0.0,0.0,0.486013986013986,0.513986013986014,
2024-08-11 04:27:04.184157,sell,0.0,,,,85822000.0,566460.18061773,0.0,"{'risk_factor': 0.81, 'stop_loss_factor': 0.018000000000000002}",Sideways Market,True,0.0,0.0,0.486013986013986,0.513986013986014,
2024-08-11 04:28:40.113437,sell,0.0,,,,85815000.0,566460.18061773,0.0,"{'risk_factor': 1.0, 'stop_loss_factor': 0.02, 'take_profit_factor': 0.024, 'trade_frequency': 1.0}",Sideways Market,True,0.0,0.0,0.486013986013986,0.513986013986014,
2024-08-11 04:29:09.825891,sell,0.0,,,,85832000.0,566460.18061773,0.0,"{'risk_factor': 1.0, 'stop_loss_factor': 0.02, 'take_profit_factor': 0.024, 'trade_frequency': 1.0}",Sideways Market,True,0.0,0.0,0.486013986013986,0.513986013986014,
2024-08-11 14:51:37.898771,buy,0.0,,,,85702000.0,566460.18061773,0.0,"{'risk_factor': 1.0, 'stop_loss_factor': 0.02, 'take_profit_factor': 0.024, 'trade_frequency': 1.0}",Sideways Market,True,0.0,0.0,0.4895104895104895,0.5104895104895104,
2024-08-11 14:55:48.654697,buy,70.0,86150000.0,,,85738000.0,171637.43268012,0.00460269,"{'risk_factor': 1.0, 'stop_loss_factor': 0.02, 'take_profit_factor': 0.024, 'trade_frequency': 1.0}",Sideways Market,True,0.0,0.0,0.4895104895104895,0.5104895104895104,
2024-08-11 15:00:53.351668,buy,50.0,86150000.0,,,85739000.0,86185.82337769,0.00559884,"{'risk_factor': 0.81, 'stop_loss_factor': 0.018000000000000002}",Sideways Market,True,0.0,0.0,0.4895104895104895,0.5104895104895104,
2024-08-11 15:05:58.301474,buy,100.0,86000000.0,,,85669000.0,86185.82337769,0.00559884,"{'risk_factor': 0.81, 'stop_loss_factor': 0.018000000000000002}",Sideways Market,True,0.0,0.0,0.4895104895104895,0.5104895104895104,
2024-08-11 15:11:02.772199,buy,75.0,86500000.0,,,85742000.0,22081.36282552,0.00634611,"{'risk_factor': 0.81, 'stop_loss_factor': 0.018000000000000002}",Sideways Market,True,0.0,0.0,0.4895104895104895,0.5104895104895104,
2024-08-11 15:13:48.517479,buy,0.0,,,,85689000.0,22081.36282552,0.00634611,"{'risk_factor': 1.0, 'stop_loss_factor': 0.02, 'take_profit_factor': 0.03, 'trade_frequency': 1.0}",Sideways Market,True,0.0,0.0,0.5157894736842106,0.4842105263157894,
2024-08-11 15:16:31.515247,buy,50.0,86150000.0,,,85650000.0,11035.55768302,0.00634611,"{'risk_factor': 1.0, 'stop_loss_factor': 0.02, 'take_profit_factor': 0.03, 'trade_frequency': 1.0}",Sideways Market,True,0.0,0.0,0.5157894736842106,0.4842105263157894,
2024-08-11 15:21:35.953056,buy,0.0,,,,85627000.0,11035.55768302,0.00647501,"{'risk_factor': 0.9, 'stop_loss_factor': 0.018000000000000002}",Sideways Market,True,0.0,0.0,0.5157894736842106,0.4842105263157894,
2024-08-11 15:26:04.696800,buy,0.0,,,,85638000.0,11035.55768302,0.00647501,"{'risk_factor': 1.0, 'stop_loss_factor': 0.02, 'take_profit_factor': 0.024, 'trade_frequency': 1.0}",Sideways Market,True,0.0,0.0,0.4807017543859649,0.5192982456140351,
2024-08-11 15:31:09.369529,buy,0.0,,,,85605000.0,11035.55768302,0.00647501,"{'risk_factor': 0.81, 'stop_loss_factor': 0.018000000000000002}",Sideways Market,True,0.0,0.0,0.4807017543859649,0.5192982456140351,
2024-08-11 15:31:39.249717,buy,0.0,,,,85610000.0,11035.55768302,0.00647501,"{'risk_factor': 1.0, 'stop_loss_factor': 0.02, 'take_profit_factor': 0.024, 'trade_frequency': 1.0}",Sideways Market,True,0.0,0.0,0.487719298245614,0.512280701754386,
2024-08-11 20:56:12.339445,buy,50.0,85500000.0,,,84876000.0,5515.85921302,0.00647501,"{'risk_factor': 1.0, 'stop_loss_factor': 0.02, 'take_profit_factor': 0.024, 'trade_frequency': 1.0}",Sideways Market,True,0.0,0.0,0.4861111111111111,0.5138888888888888,
2024-08-11 21:01:16.860092,hold,0.0,,,,84943000.0,5515.85921302,0.00647501,"{'risk_factor': 0.81, 'stop_loss_factor': 0.018000000000000002}",Sideways Market,True,0.0,0.0,0.4861111111111111,0.5138888888888888,
2024-08-11 22:37:12.386044,buy,50.0,84800000.0,,,84410000.0,5515.85921302,0.00654001,"{'risk_factor': 1.0, 'stop_loss_factor': 0.02, 'take_profit_factor': 0.024, 'trade_frequency': 1.0}",Sideways Market,True,0.0,0.0,0.4548611111111111,0.5451388888888888,
2024-08-11 22:42:17.187577,buy,0.0,,,,84437000.0,5515.85921302,0.00654001,"{'risk_factor': 0.81, 'stop_loss_factor': 0.018000000000000002}",Sideways Market,True,0.0,0.0,0.4548611111111111,0.5451388888888888,
2024-08-11 22:47:21.380680,buy,0.0,,,,84728000.0,5515.85921302,0.00654001,"{'risk_factor': 0.81, 'stop_loss_factor': 0.018000000000000002}",Sideways Market,True,0.0,0.0,0.4548611111111111,0.5451388888888888,
2024-08-11 22:52:26.323744,buy,0.0,,,,84894000.0,5515.85921302,0.00654001,"{'risk_factor': 0.81, 'stop_loss_factor': 0.018000000000000002}",Sideways Market,True,0.0,0.0,0.4548611111111111,0.5451388888888888,
2024-08-11 22:57:30.425845,buy,0.0,,,,84744000.0,5515.85921302,0.00654001,"{'risk_factor': 0.81, 'stop_loss_factor': 0.018000000000000002}",Sideways Market,True,0.0,0.0,0.4548611111111111,0.5451388888888888,
2024-08-11 23:02:34.866870,buy,0.0,,,,84669000.0,5515.85921302,0.00654001,"{'risk_factor': 0.81, 'stop_loss_factor': 0.018000000000000002}",Sideways Market,True,0.0,0.0,0.4548611111111111,0.5451388888888888,
2024-08-11 23:02:59.800354,sell,80.0,84000000.0,,,84588000.0,5515.85921302,0.00130801,{},bull,[],0.0,0.0,0.5486111111111112,0.4513888888888888,
2024-08-11 23:04:37.181317,sell,100.0,84500000.0,,,84649000.0,558525.37062578,0.0,{},bull,[],0.0,0.0,0.5486111111111112,0.4513888888888888,
2024-08-11 23:13:13.452314,sell,0.0,,,,84687000.0,558525.37062578,0.0,{},bull,[],0.0,0.0,0.5451388888888888,0.4548611111111111,
2024-08-11 23:18:34.367161,sell,0.0,,,,84801000.0,558525.37062578,0.0,{},bull,[],0.0,0.0,0.5451388888888888,0.4548611111111111,
2024-08-11 23:23:39.877243,sell,0.0,,,,84901000.0,558525.37062578,0.0,{},bull,[],0.0,0.0,0.5451388888888888,0.4548611111111111,
2024-08-11 23:28:44.309304,sell,0.0,,,,84802000.0,558525.37062578,0.0,{},bull,[],0.0,0.0,0.5451388888888888,0.4548611111111111,
2024-08-11 23:34:05.235139,hold,0.0,,,,84843000.0,558525.37062578,0.0,{},bull,[],0.0,0.0,0.5347222222222222,0.4652777777777778,
2024-08-11 23:37:27.250358,hold,0.0,,,,85141000.0,558525.37062578,0.0,{},bull,[],0.0,0.0,0.5347222222222222,0.4652777777777778,
2024-08-11 23:39:19.686882,hold,0.0,,,,84953000.0,558525.37062578,0.0,{},bull,[],0.0,0.0,0.5347222222222222,0.4652777777777778,
2024-08-11 23:44:24.924227,buy,60.0,85500000.0,,,84906000.0,223243.17096461,0.0,{},bull,[],0.0,0.0,0.5347222222222222,0.4652777777777778,
2024-08-11 23:45:20.444987,buy,0.0,,,,84900000.0,223243.17096461,0.00394689,{},bull,[],0.0,0.0,0.5590277777777778,0.4409722222222222,
2024-08-11 23:45:52.594115,buy,0.0,,,,84905000.0,223243.17096461,0.00394689,{},bull,[],0.0,0.0,0.5590277777777778,0.4409722222222222,
2024-08-11 23:50:56.877156,buy,0.0,,,,84727000.0,223243.17096461,0.00394689,{},bull,[],0.0,0.0,0.5590277777777778,0.4409722222222222,
2024-08-11 23:56:01.387223,buy,0.0,,,,84600000.0,223243.17096461,0.00394689,{},bull,[],0.0,0.0,0.5590277777777778,0.4409722222222222,
2024-08-12 00:01:07.992894,buy,0.0,,,,84656000.0,223243.17096461,0.00394689,{},bull,[],0.0,0.0,0.5590277777777778,0.4409722222222222,
2024-08-12 00:06:12.183127,buy,100.0,85000000.0,,,84551000.0,223243.17096461,0.00394689,{},bull,[],0.0,0.0,0.5590277777777778,0.4409722222222222,
2024-08-12 00:11:16.675258,buy,50.0,84800000.0,,,84536000.0,111566.44594733,0.00526741,{},bull,[],0.0,0.0,0.5590277777777778,0.4409722222222222,
2024-08-12 00:16:20.578475,buy,0.0,,,,84571000.0,111566.44594733,0.00526741,{},bull,[],0.0,0.0,0.5590277777777778,0.4409722222222222,
2024-08-12 00:21:25.076254,buy,60.0,85000000.0,,,84605000.0,44593.50020933,0.00526741,{},bull,[],0.0,0.0,0.5590277777777778,0.4409722222222222,
2024-08-12 00:26:29.392062,buy,0.0,,,,84682000.0,44593.50020933,0.00605861,{},bull,[],0.0,0.0,0.5590277777777778,0.4409722222222222,
2024-08-12 00:31:34.682254,buy,50.0,85000000.0,,,84703000.0,22285.98133398,0.00605861,{},bull,[],0.0,0.0,0.5590277777777778,0.4409722222222222,
2024-08-12 00:36:39.282155,buy,0.0,,,,84610000.0,22285.98133398,0.00632184,{},bull,[],0.0,0.0,0.5590277777777778,0.4409722222222222,
2024-08-12 00:41:44.374023,buy,0.0,,,,84560000.0,22285.98133398,0.00632184,{},bull,[],0.0,0.0,0.5590277777777778,0.4409722222222222,
2024-08-12 01:27:32.255902,buy,0.0,,,,84394000.0,554956.94645706,0.0,{},bull,[],0.0,0.0,0.5347222222222222,0.4652777777777778,
2024-08-12 01:32:27.802001,buy,100.0,84600000.0,,,84430000.0,554956.94645706,0.0,{},bull,[],0.0,0.0,0.5347222222222222,0.4652777777777778,
2024-08-12 01:37:31.827161,hold,0.0,,,,84497000.0,554956.94645706,0.0,{},bull,[],0.0,0.0,0.5347222222222222,0.4652777777777778,
2024-08-12 01:42:36.746901,buy,0.0,,,,84452000.0,554956.94645706,0.0,{},bull,[],0.0,0.0,0.5347222222222222,0.4652777777777778,
2024-08-12 01:47:41.201295,buy,0.0,,,,84390000.0,554956.94645706,0.0,{},bull,[],0.0,0.0,0.5347222222222222,0.4652777777777778,
2024-08-12 01:52:46.512796,buy,100.0,84600000.0,,,84563000.0,554956.94645706,0.0,{},bull,[],0.0,0.0,0.5347222222222222,0.4652777777777778,
2024-08-12 01:57:50.694032,buy,0.0,,,,84460000.0,554956.94645706,0.0,{},bull,[],0.0,0.0,0.5347222222222222,0.4652777777777778,
2024-08-12 02:02:55.441008,buy,0.0,,,,84564000.0,554956.94645706,0.0,{},bull,[],0.0,0.0,0.5347222222222222,0.4652777777777778,
2024-08-12 02:07:29.360146,hold,0.0,,,,84555000.0,554956.94645706,0.0,{},bull,[],0.0,0.0,0.5555555555555556,0.4444444444444444,
2024-08-12 02:12:25.098430,sell,0.0,,,,84539000.0,554956.94645706,0.0,{},bull,[],0.0,0.0,0.5555555555555556,0.4444444444444444,
2024-08-12 02:17:29.684267,buy,100.0,84600000.0,,,84367000.0,554956.94645706,0.0,{},bull,[],0.0,0.0,0.5555555555555556,0.4444444444444444,
2024-08-12 02:22:34.463956,buy,100.0,84500000.0,,,84264000.0,554956.94645706,0.0,{},bull,[],0.0,0.0,0.5555555555555556,0.4444444444444444,
2024-08-12 02:27:42.161021,buy,0.0,,,,84300000.0,554956.94645706,0.0,{},bull,[],0.0,0.0,0.5555555555555556,0.4444444444444444,
2024-08-12 02:32:47.088882,buy,0.0,,,,84300000.0,554956.94645706,0.0,{},bull,[],0.0,0.0,0.5555555555555556,0.4444444444444444,
2024-08-12 02:37:51.304635,buy,0.0,,,,84378000.0,554956.94645706,0.0,{},bull,[],0.0,0.0,0.5555555555555556,0.4444444444444444,
2024-08-12 02:54:18.738645,buy,100.0,84800000.0,,,84561000.0,554956.94645706,0.0,{},bull,[],0.0,0.0,0.5243055555555556,0.4756944444444444,True
2024-08-12 02:59:13.567557,buy,100.0,84800000.0,,,84668000.0,554956.94645706,0.0,{},bull,[],0.0,0.0,0.5243055555555556,0.4756944444444444,True
2024-08-12 03:03:19.443508,buy,100.0,84750000.0,,,84499000.0,554956.94645706,0.0,{},bull,[],0.0,0.0,0.5138888888888888,0.4861111111111111,False
2024-08-12 03:08:15.920612,buy,100.0,84710848.0,,,84500000.0,554956.94645706,0.0,{},bull,[],0.0,0.0,0.5138888888888888,0.4861111111111111,True
2024-08-12 03:09:35.458484,buy,100.0,84800000.0,,,84507000.0,554956.94645706,0.0,{},bull,[],0.0,0.0,0.5138888888888888,0.4861111111111111,True
2024-08-12 03:13:24.290298,hold,0.0,,,,84558000.0,277339.79468078,0.0,{},bull,[],0.0,0.0,0.5520833333333334,0.4479166666666666,True
2024-08-12 03:16:44.097637,hold,0.0,,,,84597000.0,277339.79468078,0.0,{},bull,[],0.0,0.0,0.5520833333333334,0.4479166666666666,True
2024-08-12 03:20:54.039678,buy,100.0,84800000.0,,,84666000.0,554956.94645706,0.0,{},bull,[],0.0,0.0,0.5520833333333334,0.4479166666666666,True
2024-08-12 03:25:49.048783,buy,100.0,84900000.0,,,84593000.0,554956.94645706,0.0,{},bull,[],0.0,0.0,0.5520833333333334,0.4479166666666666,False
2024-08-12 03:30:55.950537,buy,50.0,84600000.0,,,84559000.0,277340.3858162,0.0,{},bull,[],0.0,0.0,0.5520833333333334,0.4479166666666666,False
2024-08-12 03:31:52.957146,sell,50.0,84500000.0,,,84575000.0,554956.94645706,0.0,{},bull,[],0.0,0.0,0.5277777777777778,0.4722222222222222,False
